"name","website","blog_url","category_code","number_of_employees","founded","deadpooled","description","overview","relationships","competitors","providerships","total_money_raised","funding_rounds","acquisition","acquisitions","investments"
"Facebook","http://facebook.com","http://blog.facebook.com","social","5299","2004/2/1","//","Social network","Facebook is the worldÅfs largest social network, with over 1.15 billion monthly active users.

Facebook was founded by Mark Zuckerberg in February 2004, initially as an exclusive network for Harvard students. It was a huge hit: in 2 weeks, half of the schools in the Boston area began demanding a Facebook network. Zuckerberg immediately recruited his friends Dustin Moskovitz, Chris Hughes, and Eduardo Saverin to help build Facebook, and within four months, Facebook added 30 more college networks.

The original idea for the term Facebook came from ZuckerbergÅfs high school (Phillips Exeter Academy). The Exeter Face Book was passed around to every student as a way for students to get to know their classmates for the following year. It was a physical paper book until Zuckerberg brought it to the internet.

With this success, Zuckerberg, Moskowitz and Hughes moved out to Palo Alto for the summer and rented a sublet. A few weeks later, Zuckerberg ran into the former cofounder of Napster, Sean Parker. Parker soon moved in to ZuckerbergÅfs apartment and they began working together. Parker provided the introduction to their first investor, Peter Thiel, cofounder of PayPal and managing partner of The Founders Fund. Thiel invested $500,000 into Facebook.

With millions more users, Friendster attempted to acquire the company for $10 million in mid 2004. Facebook turned down the offer and subsequently received $12.7 million in funding from Accel Partners, at a valuation of around $100 million. Facebook continued to grow, opening up to high school students in September 2005 and adding an immensely popular photo sharing feature the next month. The next spring, Facebook received $25 million in funding from Greylock Partners and Meritech Capital, as well as previous investors Accel Partners and Peter Thiel. The pre-money valuation for this deal was about $525 million. Facebook subsequently opened up to work networks, eventually amassing over 20,000 work networks. Finally in September 2006, Facebook opened to anyone with an email address.

In the summer of 2006, Yahoo attempted to acquire the company for $1 billion dollars. Reports actually indicated that Zuckerberg made a verbal agreement to sell Facebook to Yahoo. A few days later when YahooÅfs stock price took a dive, the offer was lowered to $800 million and Zuckerberg walked away from the deal. Yahoo later offered $1 billion again, this time Zuckerberg turned Yahoo down and earned instant notoriety as the ÅgkidÅh who turned down a billion. This was not the first time Zuckerberg turned down an acquisition offer; Viacom had previously unsuccessfully attempted to acquire the company for $750 million in March 2006.

Not long after, in October 2007, Microsoft invested $240 million into Facebook for 1.6 percent of the company in. This meant a valuation of over $15 billion, making Facebook the 5th most valuable US Internet company, yet with only $150 million in annual revenue. Many explained MicrosoftÅfs decision as being solely driven by the desire to outbid Google.

Facebook continued to receive funding, most notably in January 2011 receiving a $1.5 billion round, valuing the company at $50 billion. A year later, in February 2012, Facebook announced that it was filing for its long-anticipated initial public offering. The company went public on May 18, 2012, opening on the NASDAQ with shares trading at $42.05.

One sour note for Facebook has been the controversy with social network ConnectU. The founders of ConnectU, former classmates of Mark Zuckerberg at Harvard, allege that Zuckerberg stole their original source code for Facebook. The ordeal has gone to court, and has now been resolved.

Notwithstanding this lingering controversy, FacebookÅfs growth has been staggering. Facebook announced astonishing numbers in February 2012 upon filing for its IPO. As of July 2013, over 1.15 billion users log into Facebook every month, and 669 million users log in daily. Mobile users now make up half of FacebookÅfs user base, with 819 million monthly actives. Facebook has also announced that by the end of 2011 there had been 100 billion friend connections, and in recent months users had been registering 2.7 billion Likes and Comments per day. Facebook is one of the most trafficked sites in the US, and its international growth has been impressive. Additionally, Facebook is the top photo sharing site with 250 million photos uploaded per day.

Facebook usersÅf passion?or addiction?to the site is unparalleled: more than half use the product every single day and users spend an average of 19 minutes a day on Facebook. The siteÅfs popularity has garnered it pop culture fame, so much so that in 2010 a feature film entitled The Social Network was released which chronicled FacebookÅfs inception.

In its 2012 IPO filing, Facebook announced that it intends to grow in the near future by expanding its global user base, increasing engagement by developing new social tools, improving the mobile experience, and creating more value for advertisers and users.","Founder and CEO, Board Of Directors : Mark Zuckerberg   http://www.crunchbase.com/person/mark-zuckerbergCFO : David Ebersman   http://www.crunchbase.com/person/david-ebersmanCOO : Sheryl Sandberg   http://www.crunchbase.com/person/sheryl-sandbergVice- President and General Counsel : Colin Stretch   http://www.crunchbase.com/person/colin-stretchVP of Engineering & Product : Peter Deng   http://www.crunchbase.com/person/peter-dengVP, Global Advertising Sales : Carolyn Everson   http://www.crunchbase.com/person/carolyn-eversonVP, Platform Partnerships : Sean Ryan   http://www.crunchbase.com/person/sean-ryan-3Vice President Advertising and Global Operations : David Fischer   http://www.crunchbase.com/person/david-fischer-2VP Human Resources, Recruiting : Lori Goler   http://www.crunchbase.com/person/lori-golerVP, Product : Chris Cox   http://www.crunchbase.com/person/chris-coxVP Engineering & Products : Greg Badros   http://www.crunchbase.com/person/greg-badrosVP of Partnerships and Platform Marketing : Dan Rose   http://www.crunchbase.com/person/dan-roseVP of Engineering : Jay Parikh   http://www.crunchbase.com/person/jay-parikhVice President, Engineering : Mike Schroepfer   http://www.crunchbase.com/person/mike-shroepferVP of Global Communications, Marketing and Public Policy : Elliot Schrage   http://www.crunchbase.com/person/elliot-schrageVP, EMEA : Joanna Shields   http://www.crunchbase.com/person/joanna-shieldsBoard Of Directors : Peter Thiel   http://www.crunchbase.com/person/peter-thielInvestor : Reid Hoffman   http://www.crunchbase.com/person/reid-hoffmanSoftware Engineer : Shashank Pandit   http://www.crunchbase.com/person/shashank-panditDirector, Identity Product Group : Sam Lessin   http://www.crunchbase.com/person/sam-lessinGroup Director, Global Marketing Solutions : Ashley Rutledge   http://www.crunchbase.com/person/ashley-rutledgeEngineering Manager : David Recordon   http://www.crunchbase.com/person/david-recordonDirector, Product Management : Tom Stocky   http://www.crunchbase.com/person/tom-stockyProduct Designer : Bobby Goodlatte   http://www.crunchbase.com/person/rob-goodlatteHead of platform partnerships : Julien Codorniou   http://www.crunchbase.com/person/julien-codorniouPlatform Program Manager : Sandra Liu Huang   http://www.crunchbase.com/person/sandra-liu-huangProduct Marketing Manager : Kent Schoen   http://www.crunchbase.com/person/kent-schoenProduct Manager : Thai Tran   http://www.crunchbase.com/person/thai-tranProduct Manager, Location & Events : Josh Williams   http://www.crunchbase.com/person/josh-williamsProduct Manager : Keith Schacht   http://www.crunchbase.com/person/keith-schachtDirector of Platform Operations : John Anderson   http://www.crunchbase.com/person/john-anderson-2Software Engineer : Eric Faller   http://www.crunchbase.com/person/eric-fallerHead of Analytics : Ken Rudin   http://www.crunchbase.com/person/ken-rudinProduct Manager, Mobile : Mick Johnson   http://www.crunchbase.com/person/mick-johnsonDirector of Public Policy : Timothy Sparapani   http://www.crunchbase.com/person/timothy-sparapaniProduct Designer : Keegan Jones   http://www.crunchbase.com/person/keegan-jonesEngineering Director : Matthew Papakipos   http://www.crunchbase.com/person/matthew-papakiposBoard member : Donald E. Graham   http://www.crunchbase.com/person/donald-e-grahamProduct Manager : Gareth Davis   http://www.crunchbase.com/person/gareth-davisGrowth : Rob Goldman   http://www.crunchbase.com/person/rob-goldmanBusiness Development Manager : Justin Osofsky   http://www.crunchbase.com/person/justin-osofskyProduct Manager : Justin Shaffer   http://www.crunchbase.com/person/justin-shafferPlatform Product Marketing : Kelly Hansen   http://www.crunchbase.com/person/kelly-hansenSoftware Engineer : Beau Hartshorne   http://www.crunchbase.com/person/beau-hartshorneHacker : Paul Tarjan   http://www.crunchbase.com/person/paul-tarjan : Sriram Krishnan   http://www.crunchbase.com/person/sriram-krishnanHead of Mobile Products : Erick Tseng   http://www.crunchbase.com/person/erick-tsengHead of Korea : Benjamin Joe   http://www.crunchbase.com/person/benjamin-joeProduct Manager : Teck Chia   http://www.crunchbase.com/person/teck-chiaSoftware Engineer : bill fumerola   http://www.crunchbase.com/person/bill-fumerolaSoftware Engineer : Eugene Letuchy   http://www.crunchbase.com/person/eugene-letuchySoftware Engineer : Ben Davenport   http://www.crunchbase.com/person/ben-davenportSoftware Engineer : Jonathan Perlow   http://www.crunchbase.com/person/jonathan-perlowProduct Manager : Jonathan Gheller   http://www.crunchbase.com/person/jonathan-ghellerSoftware Engineer : Nilesh Patel   http://www.crunchbase.com/person/nilesh-patelSoftware Engineer : Zac Morris   http://www.crunchbase.com/person/zac-morrisEngineering Manager : Blake Matheny   http://www.crunchbase.com/person/blake-mathenyProduct Designer : Koen Bok   http://www.crunchbase.com/person/koen-bokDeveloper Relations : Charles Dowd   http://www.crunchbase.com/person/charles-dowdSoftware Engineer : Benjamin Cunningham   http://www.crunchbase.com/person/benjamin-cunninghamProduct Designer : Tuhin Kumar   http://www.crunchbase.com/person/tuhin-kumarCommunication Designer : Skyler Vander Molen   http://www.crunchbase.com/person/skyler-vander-molenSales and Advertising : Brandon Sayles   http://www.crunchbase.com/person/brandon-saylesAccount Manager : Scott Smith   http://www.crunchbase.com/person/scott-smith-7Data scientist : Justin Moore   http://www.crunchbase.com/person/justin-moore-2Product Manager : Eitan Shay   http://www.crunchbase.com/person/eitan-shayHead of Intl BD & Strategy : Richard Cooperstein   http://www.crunchbase.com/person/richard-coopersteinClient Partner : Raj Talwar   http://www.crunchbase.com/person/raj-talwarMobile Eng Manager : Phil Fung   http://www.crunchbase.com/person/phil-fungSoftware Engineer : Benjamin Golub   http://www.crunchbase.com/person/benjamin-golubEngineering Director / Site Director : rohit wad   http://www.crunchbase.com/person/rohit-wadVP and Deputy General Counsel : Ashlie Beringer   http://www.crunchbase.com/person/ashlie-beringerHead of Partner Engineering : Gareth Morris   http://www.crunchbase.com/person/gareth-morrisMarket Manager : Serhad Bolukcu   http://www.crunchbase.com/person/serhad-bolukcuSoftware Engineer : Mike Curtiss   http://www.crunchbase.com/person/mike-curtissBoard Director : Marc Andreessen   http://www.crunchbase.com/person/marc-andreessenSoftware Engineer : Ashwin Bharambe   http://www.crunchbase.com/person/ashwin-bharambe : Adam Cheyer   http://www.crunchbase.com/person/adam-cheyerBoard of Directors/Investor : Jim Breyer   http://www.crunchbase.com/person/jim-breyerSoftware Engineer : Barak Naveh   http://www.crunchbase.com/person/barak-navehManager, Site Reliability Engineering : Pedro Canahuati   http://www.crunchbase.com/person/pedro-canahuatiMember of Board of Directors : Reed Hastings   http://www.crunchbase.com/person/reed-hastingsSoftware Engineer : Tudor Bosman   http://www.crunchbase.com/person/tudor-bosmanStrategic Partner Manager, Games : Niranjan Nagar   http://www.crunchbase.com/person/niranjan-nagarDirector of Monetization : Tim Kendall   http://www.crunchbase.com/person/tim-kendallMobile Software Engineer : Brian Amerige   http://www.crunchbase.com/person/brian-amerigeHead of Security : Max Kelly   http://www.crunchbase.com/person/max-kellySoftware Engineer : Stephen Heise   http://www.crunchbase.com/person/stephen-heiseInvestor : Bob Zangrillo   http://www.crunchbase.com/person/bob-zangrilloFacebook : Thomas Shin   http://www.crunchbase.com/person/thomas-shinMarketing Director : Randi Zuckerberg   http://www.crunchbase.com/person/randi-zuckerbergBoard Observer/Investor : Paul Madera   http://www.crunchbase.com/person/paul-maderaProduct Manager : Gil Hirsch   http://www.crunchbase.com/person/gil-hirschSoftware Engineer : Michael Novati   http://www.crunchbase.com/person/michael-novatiHead of Global Business Operations : Jeff McCombs   http://www.crunchbase.com/person/jeff-mccombsEngineer : Lars Rasmussen   http://www.crunchbase.com/person/lars-rasmussenHead of Vertical Measurement : Graham Mudd   http://www.crunchbase.com/person/graham-muddManager, Product Design : Rob Morris   http://www.crunchbase.com/person/rob-morrisProduct Manager : Greg Whalin   http://www.crunchbase.com/person/greg-whalinDirector, Mobile : Jed Stremel   http://www.crunchbase.com/person/jed-stremelMember of corporate development team : Ryan Gembala   http://www.crunchbase.com/person/ryan-gembalaVP, Advertising : Andrew Bosworth   http://www.crunchbase.com/person/andrew-bosworthads : Yoram Talmor   http://www.crunchbase.com/person/yoram-talmorInvestor : Rich Wheeless   http://www.crunchbase.com/person/rich-wheeless-mbaEngineering Director : Pedram Keyani   http://www.crunchbase.com/person/pedram-keyaniSoftware Engineer : Lincoln Hochberg   http://www.crunchbase.com/person/lincoln-hochbergEngineering Intern : Neeraj Agrawal   http://www.crunchbase.com/person/neeraj-agrawalProduct Manager : Mike LeBeau   http://www.crunchbase.com/person/mike-lebeauCorporate Development : Amin Zoufonoun   http://www.crunchbase.com/person/amin-zoufonounSoftware Engineer : Lucy Zhang   http://www.crunchbase.com/person/lucy-zhangEngineer : ?mer ?zg?n I?IKMAN   http://www.crunchbase.com/person/mer-zgn-ikmanManager of Product Marketing, Facebook Credits : Deborah Liu   http://www.crunchbase.com/person/deborah-liuSoftware Engineer : Michael Landau   http://www.crunchbase.com/person/michael-landauCorporate Development : Vaughan Smith   http://www.crunchbase.com/person/vaughan-smithStrategic Partner Development - Commerce : Chris Maliwat   http://www.crunchbase.com/person/chris-maliwatMedia Solutions : Pablo Gil   http://www.crunchbase.com/person/pablo-gilSoftware Engineer : Joachim De Lombaert   http://www.crunchbase.com/person/joachim-de-lombaertSoftware Engineer : Florian Laplantif   http://www.crunchbase.com/person/florian-laplantifMonetization Analytics : Jimmy Zhu   http://www.crunchbase.com/person/jimmy-zhuProduct Designer : Justin Stahl   http://www.crunchbase.com/person/justin-stahlTroublemaker : Seng Keat Teh   http://www.crunchbase.com/person/seng-keat-tehGlobal Marketing Solutions : Frank Lee   http://www.crunchbase.com/person/frank-leeDirector of Product Management : Douglas Purdy   http://www.crunchbase.com/person/douglas-purdyPhotos Product Manger : Emily Grewal   http://www.crunchbase.com/person/emily-grewalDirector of Engineering : John Ciancutti   http://www.crunchbase.com/person/john-ciancuttiBoard Member : Jan Koum   http://www.crunchbase.com/person/jan-koumManager of Strategic Partnerships : Ime Archibong   http://www.crunchbase.com/person/ime-archibongInternational Growth : Edward Baker   http://www.crunchbase.com/person/edward-bakerDirector, University Recruiting : Adam Ward   http://www.crunchbase.com/person/adam-ward-3Board of Directors : Erskine Bowles   http://www.crunchbase.com/person/erskine-b-bowlesSustainability Guru : Bill Weihl   http://www.crunchbase.com/person/bill-weihlDirector, Artificial Intelligence Lab : Yann LeCun   http://www.crunchbase.com/person/yann-lecunPartnerships, Southern Europe & New Markets : Amina Belghiti   http://www.crunchbase.com/person/amina-belghitiProduct Designer : Nathan Borror   http://www.crunchbase.com/person/nathan-borrorPast Co-Founder : Eduardo Saverin   http://www.crunchbase.com/person/eduardo-saverinPast Co-Founder : Andrew McCollum   http://www.crunchbase.com/person/andrew-mccollumPast Co-founder : Chris Hughes   http://www.crunchbase.com/person/chris-hughesPast Co-Founder : Dustin Moskovitz   http://www.crunchbase.com/person/dustin-moskovitzPast Chief Malware Researcher : Nick Bilogorskiy   http://www.crunchbase.com/person/nick-bilogorskiyPast CFO : Michael Sheridan   http://www.crunchbase.com/person/michael-sheridanPast Chief Privacy Officer / Head of Global Public Policy : Chris Kelly   http://www.crunchbase.com/person/chris-kellyPast CTO : Bret Taylor   http://www.crunchbase.com/person/bret-taylorPast CFO : Gideon Yu   http://www.crunchbase.com/person/gideon-yuPast Chief Revenue Officer, VP of Operations : Owen Van Natta   http://www.crunchbase.com/person/owen-van-nattaPast VP of Sales, West Region : Paul Ollinger   http://www.crunchbase.com/person/paul-ollingerPast VP of Technical Operations : Jonathan Heiliger   http://www.crunchbase.com/person/jonathan-heiligerPast VP, General Counsel : Ted Ullyot   http://www.crunchbase.com/person/ted-ullyotPast VP Global Sales : Mike Murphy   http://www.crunchbase.com/person/mike-murphyPast VP Product : Doug Hirsch   http://www.crunchbase.com/person/doug-hirschPast VP Product Engineering : TS Ramakrishnan   http://www.crunchbase.com/person/ts-ramakrishnanPast VP Sales/Consultant : Vince Thompson   http://www.crunchbase.com/person/vince-thompsonPast VP of Growth, Mobile and International, VP of Platform and Product Marketing : Chamath Palihapitiya   http://www.crunchbase.com/person/chamath-palihapitiyaPast VP of Product Management : Matt Cohler   http://www.crunchbase.com/person/matt-cohlerPast President & Board Member : Sean Parker   http://www.crunchbase.com/person/sean-parkerPast Software Engineer : Joe Hewitt   http://www.crunchbase.com/person/joe-hewittPast CTO : Adam D'Angelo   http://www.crunchbase.com/person/adam-d-angeloPast Investor : Klaus Hommels   http://www.crunchbase.com/person/klaus-hommelsPast Software Engineer : Ivan Kirigin   http://www.crunchbase.com/person/ivan-kiriginPast Senior Platform Manager : Dave Morin   http://www.crunchbase.com/person/dave-morinPast Director of Platform Partnerships : Ethan Beard   http://www.crunchbase.com/person/ethan-beardPast Engineering Lead : Justin Rosenstein   http://www.crunchbase.com/person/justin-rosensteinPast Senior Product Designer : Kevin Fox   http://www.crunchbase.com/person/kevin-foxPast Senior Director Search Products and Local Business Products : Ben Ling   http://www.crunchbase.com/person/ben-lingPast Country Manager - Brazil : Julio Vasconcellos   http://www.crunchbase.com/person/julio-vasconcellosPast Product Manager : Todd Jackson   http://www.crunchbase.com/person/todd-jacksonPast User Interface Engineer : Stefano J Attardi   http://www.crunchbase.com/person/stefano-attardiPast Product Designer : Eston Bond   http://www.crunchbase.com/person/eston-bondPast Manager, Data : Jeff Hammerbacher   http://www.crunchbase.com/person/jeff-hammerbacherPast Product Development Manager : Noah Kagan   http://www.crunchbase.com/person/noah-kaganPast Interaction Designer : Bryan Veloso   http://www.crunchbase.com/person/bryan-velosoPast Software Engineering Manager : Charlie Cheever   http://www.crunchbase.com/person/charlie-cheeverPast Software Engineer : Chris Cox   http://www.crunchbase.com/person/chris-coxPast Director, User Experience and Design : Katie Geminder   http://www.crunchbase.com/person/katie-geminderPast Director of Engineering : Aditya Agarwal   http://www.crunchbase.com/person/aditya-agarwalPast Product Design Lead : Rebekah Cox   http://www.crunchbase.com/person/rebekah-coxPast  : Roger Pavane   http://www.crunchbase.com/person/roger-pavanePast Open Source and Web Standards Program Manager : Monica Keller   http://www.crunchbase.com/person/monica-kellerPast Product Manager : David Chen   http://www.crunchbase.com/person/david-chen-6Past Designer : Soleio Cuervo   http://www.crunchbase.com/person/soleio-cuervoPast Director, Engineering : Yishan Wong   http://www.crunchbase.com/person/yishan-wongPast Internationalization Growth : Benjamin Joe   http://www.crunchbase.com/person/benjamin-joePast Director, International Business Development : Net Jacobsson   http://www.crunchbase.com/person/net-jacobssonPast Director of Media Sales : Dan Coughlin   http://www.crunchbase.com/person/dan-coughlinPast Head of International Business Development : Christian Hernandez   http://www.crunchbase.com/person/christian-hernandezPast Product Manager : Paul Adams   http://www.crunchbase.com/person/paul-adamsPast Dir of Platform Partnerships, Asia-Pacific/Japan : Alexander Kleinberg   http://www.crunchbase.com/person/alexander-kleinbergPast Product Manager, Pages : Russ Heddleston   http://www.crunchbase.com/person/russ-heddlestonPast Director of Operations : Nick Heyman   http://www.crunchbase.com/person/nick-heymanPast Head of International Growth : Ed Baker   http://www.crunchbase.com/person/ed-bakerPast Partner Engineer : Eric Frenkiel   http://www.crunchbase.com/person/eric-frenkielPast Director, Finance : Steven Trieu   http://www.crunchbase.com/person/steven-trieuPast Product Manager Photos : Scott Marlette   http://www.crunchbase.com/person/scott-marlettePast Business Development, Mobile : Alison Rosenthal   http://www.crunchbase.com/person/alison-rosenthalPast Director of Engineering and Director of Developer Relations : Douglas Purdy   http://www.crunchbase.com/person/douglas-purdyPast Business Development Manager : Charles Chen   http://www.crunchbase.com/person/charles-chenPast Global Partnership Lead : Kevin Colleran   http://www.crunchbase.com/person/kevin-colleranPast Product Manager : Franklyn Chien   http://www.crunchbase.com/person/franklyn-chienPast Sr. International University Recruiter : Kinh DeMaree   http://www.crunchbase.com/person/kinh-demareePast Head of Product and Mobile Operations : Amber Saloner Tennant   http://www.crunchbase.com/person/amber-salonerPast Strategy & Business Development : John Henderson   http://www.crunchbase.com/person/john-henderson-2Past Production Engineer : Jeff Zhifan Chen   http://www.crunchbase.com/person/jeff-zhifan-chenPast  : Berk Atikoglu   http://www.crunchbase.com/person/berk-atikogluPast SMB Marketing Manager : Durgesh Kaushik   http://www.crunchbase.com/person/durgesh-kaushikPast Manager, Corporate Communications : Matt Hicks   http://www.crunchbase.com/person/matt-hicks-2Past Head of Mobile Partnerships, Asia : Alon Sobol   http://www.crunchbase.com/person/alon-sobolPast Engineer : Justin Mitchell   http://www.crunchbase.com/person/justin-mitchellPast Designer : Adam Michela   http://www.crunchbase.com/person/adam-michelaPast Led FB's Android Products : Bubba Murarka   http://www.crunchbase.com/person/bubba-murarkaPast Sales Director : Bill Masterson   http://www.crunchbase.com/person/bill-masterson-2Past Sales Director - Partnerships and Marketing : Peter Yewell   http://www.crunchbase.com/person/peter-yewellPast Internet Marketer - User Growth : Andy Johns   http://www.crunchbase.com/person/andy-johns-2Past Regional Director : Diego Oliva   http://www.crunchbase.com/person/diego-olivaPast Payments Partnerships & Mobile Payments : Dmitry Shevelenko   http://www.crunchbase.com/person/dmitry-shevelenkoPast Summer Intern : Pat Noonan   http://www.crunchbase.com/person/pat-noonanPast Communications Design : Micah Kasman   http://www.crunchbase.com/person/micah-kasmanPast Product Marketing : Ana Muller   http://www.crunchbase.com/person/ana-mullerPast Platform & Consumer Marketing : Scott Hartley   http://www.crunchbase.com/person/scott-hartleyPast Director of Global Communications & Public Policy : Brandee Barker   http://www.crunchbase.com/person/brandee-barkerPast  : Molly Graham   http://www.crunchbase.com/person/molly-grahamPast Deputy General Counsel : Colin Stretch   http://www.crunchbase.com/person/colin-stretchPast Software Engineer : Greg Methvin   http://www.crunchbase.com/person/greg-methvinPast Head of Product Marketing Monetization : Jason Ramsey   http://www.crunchbase.com/person/jason-ramseyPast Global Marketing Solutions : Miriam Grut Norrby   http://www.crunchbase.com/person/miriam-grut-norrbyPast Software Engineer Intern : Vinay Hiremath   http://www.crunchbase.com/person/vinay-hiremathPast Design Intern : Matt Dempsey   http://www.crunchbase.com/person/matt-dempseyPast Communication Designer : Jim Renaud   http://www.crunchbase.com/person/jim-renaudPast Manager of Strategic PMD Partnerships : Nick Gianos   http://www.crunchbase.com/person/nick-gianosPast  : Gretchen DeKnikker   http://www.crunchbase.com/person/gretchen-deknikkerPast Software : Sohan Jain   http://www.crunchbase.com/person/sohan-jainPast Advisor : Hadi Partovi   http://www.crunchbase.com/person/hadi-partoviPast Observer to Board of Directors : David Sze   http://www.crunchbase.com/person/david-szePast Engineer : Adam D'Angelo   http://www.crunchbase.com/person/adam-d-angeloPast Consultant : Jim Pitkow   http://www.crunchbase.com/person/jim-pitkowPast Software Engineer : Darian Shirazi   http://www.crunchbase.com/person/darian-shiraziPast Marketing : Jonathan Ehrlich   http://www.crunchbase.com/person/jonathan-ehrlichPast Developer Relations Manager : Ryan Merket   http://www.crunchbase.com/person/ryan-merketPast Product Director, Ads : Gokul Rajaram   http://www.crunchbase.com/person/gokul-rajaramPast Director, Platform : Ben Ling   http://www.crunchbase.com/person/ben-lingPast Product Lead for Facebook Platform : Ruchi Sanghvi   http://www.crunchbase.com/person/ruchi-sanghviPast  : Casey Muller   http://www.crunchbase.com/person/casey-mullerPast IT Specialist : Taz Ryder   http://www.crunchbase.com/person/taz-ryderPast Ad Operations Associate : Otilia Otlacan   http://www.crunchbase.com/person/otilia-otlacanPast General Counsel : Rudy Gadre   http://www.crunchbase.com/person/rudy-gadrePast Director, Media Sales : Steve King   http://www.crunchbase.com/person/steve-kingPast Creative Director : Bryan Veloso   http://www.crunchbase.com/person/bryan-velosoPast Advisor : Karl Jacob   http://www.crunchbase.com/person/karl-jacobPast Director, HR : Chris Cox   http://www.crunchbase.com/person/chris-coxPast Product Designer : Rob Morris   http://www.crunchbase.com/person/rob-morrisPast Software Engineer / Manager : Luke Shepard   http://www.crunchbase.com/person/luke-shepardPast Platform Program Manager : Josh Elman   http://www.crunchbase.com/person/josh-elmanPast Software Engineer : Kevin Der   http://www.crunchbase.com/person/kevin-derPast Software developer : Pooja Sankar   http://www.crunchbase.com/person/pooja-sankarPast Search Engineer : Albert Sheu   http://www.crunchbase.com/person/albert-sheuPast Software Engineer : Ari Steinberg   http://www.crunchbase.com/person/ari-steinbergPast Director of Engineering : Robert Carlton Johnson   http://www.crunchbase.com/person/robert-carlton-johnsonPast Independent Contractor : Todd McKinnon   http://www.crunchbase.com/person/todd-mckinnonPast Strategist : Benjamin Joe   http://www.crunchbase.com/person/benjamin-joePast Exchange Director : Antonio Garcia-Martinez   http://www.crunchbase.com/person/antonio-garcia-martinezPast Manager Corporate Development : Michael Brown   http://www.crunchbase.com/person/michael-brown-4Past Mobile : Charles Jolley   http://www.crunchbase.com/person/charles-jolleyPast Software Engineer : Anhang Zhu   http://www.crunchbase.com/person/anhang-zhuPast Consumer Brand and Marketing Intern : Christopher Lo   http://www.crunchbase.com/person/christopher-loPast Software Engineer : Jonathan Pines   http://www.crunchbase.com/person/jonathan-pinesPast Platform Operations MBA Intern : Ilan Dee   http://www.crunchbase.com/person/ilan-deePast Software Engineer : Mike Bohlander   http://www.crunchbase.com/person/mike-bohlanderPast core infrastructure systems : Nikita Shamgunov   http://www.crunchbase.com/person/nikita-shamgunovPast Product Management : Sergei Sorokin   http://www.crunchbase.com/person/sergei-sorokinPast Tech Lead : Ding Zhou   http://www.crunchbase.com/person/ding-zhouPast Software Engineer : Rushi Desai   http://www.crunchbase.com/person/rushi-desaiPast Software Engineer : Makinde Adeagbo   http://www.crunchbase.com/person/makinde-adeagboPast  : Jon Rodriguez   http://www.crunchbase.com/person/jon-rodriguezPast  : Katherine Losse   http://www.crunchbase.com/person/katherine-lossePast  : Ankur Pansari   http://www.crunchbase.com/person/ankur-pansariPast Product Designer : Ben Blumenfeld   http://www.crunchbase.com/person/ben-blumenfeldPast Software Engineer : Conor Dickinson   http://www.crunchbase.com/person/conor-dickinsonPast All things Operations : Taner Halicioglu   http://www.crunchbase.com/person/taner-haliciogluPast Head of Global SMB Marketing : Chris Luo   http://www.crunchbase.com/person/chris-luoPast Software Engineer, Intern : Lukasz Wiecek   http://www.crunchbase.com/person/lukasz-wiecekPast Mobile Platform Product Marketing : Jonathan Matus   http://www.crunchbase.com/person/joanthan-matusPast Product Manager : David Breger   http://www.crunchbase.com/person/david-bregerPast Photos and Video Engineering Manager : Justin Mitchell   http://www.crunchbase.com/person/justin-mitchellPast  : Susana Montes   http://www.crunchbase.com/person/susana-montesPast  : Chad Little   http://www.crunchbase.com/person/chad-little-2Past Account Specialist - Associate : Lorry Destainville   http://www.crunchbase.com/person/lorry-destainvillePast Great Success : Joseph Liu   http://www.crunchbase.com/person/joseph-liuPast Director, Engineering : John Hegeman   http://www.crunchbase.com/person/john-hegemanPast Product Manager : Dan Hsiao   http://www.crunchbase.com/person/dan-hsiaoPast Engineer : Akhil Wable   http://www.crunchbase.com/person/akhil-wablePast Site Reliability Engineer : Gavino Felix   http://www.crunchbase.com/person/gavino-felixPast Business Operations Associate/Principal, User Operations : Kathleen Pedersen   http://www.crunchbase.com/person/kathleen-pedersenPast Business Operations - Program Manager : Michael Teng   http://www.crunchbase.com/person/michael-tengPast Freelance Java/C# developer : Eugene Retunsky   http://www.crunchbase.com/person/eugene-retunskyPast Software Engineer : Brent Goldman   http://www.crunchbase.com/person/brent-goldmanPast Corporate Counsel : Oliver Louie   http://www.crunchbase.com/person/oliver-louiePast Growth Manager : Ilya Gindin   http://www.crunchbase.com/person/ilya-gindinPast Manager of Data Science and Analytics : Mohammad Sabah   http://www.crunchbase.com/person/mohammad-sabahPast Data Analyst : Derek Steer   http://www.crunchbase.com/person/derek-steerPast Manager, EMEA Gaming : Bruce Bale   http://www.crunchbase.com/person/bruce-balePast Director, Corporate Communications : Larry Yu   http://www.crunchbase.com/person/larry-yuPast Marketing : Helen Min   http://www.crunchbase.com/person/helen-minPast Software Engineer : Jason Yiin   http://www.crunchbase.com/person/jason-yiinPast Director of Security Incident Response : Ryan McGeehan   http://www.crunchbase.com/person/ryan-mcgeehanPast North America Lead, Media Solutions - Global Marketing Solutions : Eric Toda   http://www.crunchbase.com/person/eric-todaPast  : George Zeng   http://www.crunchbase.com/person/george-zeng","MySpace   http://www.crunchbase.com/company/myspaceFriendster   http://www.crunchbase.com/company/friendsterSlide   http://www.crunchbase.com/company/slideZvents   http://www.crunchbase.com/company/zventsFriendFeed   http://www.crunchbase.com/company/friendfeedhi5   http://www.crunchbase.com/company/hi5Flickr   http://www.crunchbase.com/company/flickrBebo   http://www.crunchbase.com/company/beboAOL   http://www.crunchbase.com/company/aolCityIN   http://www.crunchbase.com/company/cityinTagged   http://www.crunchbase.com/company/taggedVK.com   http://www.crunchbase.com/company/vktymr   http://www.crunchbase.com/company/tymrCompass (by Hugleberry Corp.)   http://www.crunchbase.com/company/hugleberry"," : The OutCast Agency   http://www.crunchbase.com/company/outcast-communications Past Public Relations : Blanc & Otus   http://www.crunchbase.com/company/blanc-otus : GTT   http://www.crunchbase.com/company/gttVideo Production : Transvideo Studios   http://www.crunchbase.com/company/transvideo-studios Past France : Ballou PR   http://www.crunchbase.com/company/ballou-prLegal : Cooley LLP   http://www.crunchbase.com/company/cooley-godward-kronish-llp : The Local Data Company   http://www.crunchbase.com/company/the-local-data-companyLegal : Baker & McKenzie   http://www.crunchbase.com/company/baker-mckenzieGraphic Design Projects : Kasman Design   http://www.crunchbase.com/company/kasman-design","$2.43B","angel : USD 500000 2004/9/1    Peter Thiel   http://www.crunchbase.com/person/peter-thiel    Reid Hoffman   http://www.crunchbase.com/person/reid-hoffman   a : USD 12700000 2005/5/1    Accel Partners   http://www.crunchbase.com/company/accel-partners     Mark Pincus   http://www.crunchbase.com/person/mark-pincus    Reid Hoffman   http://www.crunchbase.com/person/reid-hoffmanJim Breyer: Extra $500 Million Round For Facebook A ""Total Fiction""   http://www.techcrunch.com/2007/11/02/jim-breyer-extra-500-million-round-for-facebook-a-total-fiction/b : USD 27500000 2006/4/1    Greylock Partners   http://www.crunchbase.com/company/greylock     Meritech Capital Partners   http://www.crunchbase.com/company/meritech-capital-partners     Founders Fund   http://www.crunchbase.com/company/founders-fund     SV Angel   http://www.crunchbase.com/company/sv-angel Facebook Funding   http://www.facebook.com/press/info.php?factsheetc : USD 240000000 2007/10/24Microsoft microsoft   Facebook and Microsoft Expand Strategic Alliance   http://www.microsoft.com/en-us/news/press/2007/oct07/10-24FacebookPR.aspxc : USD 60000000 2007/11/30    Li Ka-shing   http://www.crunchbase.com/person/li-ka-shing    Horizons Ventures   http://www.crunchbase.com/company/horizons-ventures Facebook gets $60M from Hong Kong billionaire Li Ka-shing   http://venturebeat.com/2007/11/30/facebook-gets-60m-from-hong-kong-billionaire-li-ka-shing/c : USD 15000000 2008/1/15    European Founders Fund   http://www.crunchbase.com/company/european-founders-fund    http://www.techcrunch.com/2008/01/15/breaking-samwer-brothers-invest-in-facebook/debt_round : USD 100000000 2008/5/1    TriplePoint Capital   http://www.crunchbase.com/company/triplepoint-capital    http://www.businessweek.com/technology/content/may2008/tc2008059_855064.htmc : USD 60000000 2008/3/27    Li Ka-shing   http://www.crunchbase.com/person/li-ka-shing    Horizons Ventures   http://www.crunchbase.com/company/horizons-ventures Updated: Facebook Investor Li Ka-Shing Upping Stake To $120 Million: Report   http://www.paidcontent.org/entry/419-facebook-investor-li-ka-shing-increasing-stake-in-facebook/d : USD 200000000 2009/5/26    Digital Sky Technologies   http://www.crunchbase.com/company/digital-sky-technologies-fo Facebook Takes That $200 Million Investment From The Russians At A $10 Billion Valuation.   http://www.techcrunch.com/2009/05/26/facebook-takes-that-200-million-investment-from-the-russians-at-a-10-billion-valuation/private_equity : USD 210000000 2010/6/28    Elevation Partners   http://www.crunchbase.com/company/elevation-partners Elevation Invests Another $120 Million in Facebook as that IPO Looks More Distant   http://techcrunch.com/2010/06/28/elevation-invests-another-120-million-in-facebook-as-that-ipo-looks-more-distant/private_equity : USD 1500000000 2011/1/21    Goldman Sachs   http://www.crunchbase.com/company/goldman-sachs     Digital Sky Technologies   http://www.crunchbase.com/company/digital-sky-technologies-fo Facebook Raises $1.5 Billion   http://www.prnewswire.com/news-releases/facebook-raises-15-billion-114383494.html","","Parakey :  USD cash 2007/7/1   http://www.crunchbase.com/company/parakey   http://www.techcrunch.com/2007/07/19/breaking-facebook-has-acquired-parakey/FriendFeed : 47500000 USD cash_and_stock 2009/8/10   http://www.crunchbase.com/company/friendfeedFacebook Acquires FriendFeed   http://www.techcrunch.com/2009/08/10/facebook-acquires-friendfeedOctazen Solutions :  USD  2010/2/19   http://www.crunchbase.com/company/octazen   http://techcrunch.com/2010/02/19/octazen-what-the-heck-did-facebook-just-buy-exactly-and-why/Divvyshot :  USD  2010/4/2   http://www.crunchbase.com/company/divvyshotFacebook Acquires Divvyshot to Improve Facebook Photos   http://techcrunch.com/2010/04/02/facebook-buys-up-divvyshot-to-make-facebook-photos-even-better/ShareGrove :  USD  2010/5/   http://www.crunchbase.com/company/sharegrove   http://mashable.com/2010/05/26/facebook-acquires-sharegrove/Nextstop : 2500000 USD cash 2010/9/25   http://www.crunchbase.com/company/nextstopFacebook Acquires Social Travel Recommendation Site Nextstop   http://techcrunch.com/2010/07/08/facebook-acquires-social-travel-recommendation-site-nextstop/Chai Labs : 10000000 USD  2010/8/15   http://www.crunchbase.com/company/chailabsFacebook Makes Another ""Acq-Hire"" Chai Labs; Deal Estimated At $10 Million    http://paidcontent.org/article/419-facebook-makes-another-acq-hire-chai-labs-deal-estimated-at-10-million/drop.io :  USD  2010/10/29   http://www.crunchbase.com/company/drop-ioFacebook Acquires Drop.io, Nabs Sam Lessin   http://techcrunch.com/2010/10/29/facebook-acquires-drop-io-nabs-sam-lessin/Zenbe :  USD  2010/11/16   http://www.crunchbase.com/company/zenbeFacebook Buys Yet Another NYC Startup -- Why Doesn't It Just Open An Engineering Office Here Already?   http://www.businessinsider.com/facebook-zenbe-2010-11Rel8tion :  USD  2011/1/25   http://www.crunchbase.com/company/rel8tionAll Things D   http://emoney.allthingsd.com/20110125/facebook-acquires-mobile-advertising-company-out-of-stealth-mode/Pursuit :  USD  2011//   http://www.crunchbase.com/company/pursuit   http://techcrunch.com/2011/02/25/pursuit-hackruiter/Beluga :  USD  2011/3/1   http://www.crunchbase.com/company/beluga   http://techcrunch.com/2011/03/01/facebook-beluga/Snaptu : 60000000 USD stock 2011/9/17   http://www.crunchbase.com/company/snaptuConfirmed: Facebook Acquires Snaptu (For An Estimated $60?$70 Million)   http://techcrunch.com/2011/03/20/facebook-reportedly-acquires-snaptu-for-an-estimated-60-70-million/Sofa :  USD  2011/6/9   http://www.crunchbase.com/company/sofaFacebook Acquires Sofa   http://www.madebysofa.com/blog/facebook-acquires-sofa/Push Pop Press :  USD  2011/8/2   http://www.crunchbase.com/company/push-pop-pressFacebook Buys Digital Bookmaking Service Push Pop Press   http://techcrunch.com/2011/08/02/facebook-buys-digital-bookmaking-service-push-pop-press/Friend.ly :  CAD cash 2012/3/3   http://www.crunchbase.com/company/friend-lybsty   http://rahul.bosumatary.com/2011/10/10/facebook-friendly/Digital Staircase :  USD  2011/11/7   http://www.crunchbase.com/company/digital-staircaseFacebook Acq-hires Mobile Video And Image Editing App Developer Digital Staircase   http://techcrunch.com/2011/11/07/facebook-acquires-mobile-video-and-image-editing-app-developer-digital-staircase/Strobe :  USD  2011/11/8   http://www.crunchbase.com/company/strobeFacebook Acquires HTML5 App Delivery Network Strobe; SproutCore Lives On   http://techcrunch.com/2011/11/08/facebook-acquires-html5-app-delivery-network-strobe-sproutcore-lives-on/WhoGlue :  USD  2011/11/28   http://www.crunchbase.com/company/whoglueFacebook Acquires The Tech Behind WhoGlue, A Company That Sued It In 2009   http://techcrunch.com/2011/11/28/facebook-acquires-the-tech-behind-whoglue-a-company-that-sued-it-in-2009/Gowalla :  USD  2011/12/2   http://www.crunchbase.com/company/gowallaReport: Facebook Has Acquired Gowalla   http://techcrunch.com/2011/12/02/report-facebook-has-acquired-gowalla/GazeHawk :  USD  2012/3/10   http://www.crunchbase.com/company/gazehawkFacebook Acquires GazeHawk; Green Dot Acquires Loopt   http://mountainview.patch.com/articles/facebook-acquires-gazehawk-green-dot-acquires-looptSendoid :  USD  2012/3/   http://www.crunchbase.com/company/sendoidFacebook acquires team behind YC alum Caffeinated Mind   http://venturebeat.com/2012/02/29/facebook-caffeinated-mind/Instagram : 1010470000 USD cash_and_stock 2012/4/9   http://www.crunchbase.com/company/instagramTechCrunch: Facebook Buys Instagram For $1 Billion, Turns Budding Rival Into Its Standalone Photo App   http://techcrunch.com/2012/04/09/facebook-to-acquire-instagram-for-1-billion/Tagtile :  USD  2012/4/13   http://www.crunchbase.com/company/tagtileFacebook Ups The Mobile Ante Again; Buys Mobile Loyalty, Rewards Startup TagTile   http://techcrunch.com/2012/04/13/facebook-ups-the-mobile-ante-again-buys-mobile-loyalty-rewards-startup-tagtile/Glancee :  USD  2012/5/4   http://www.crunchbase.com/company/glanceeFacebook Buys Location-Based Discovery App Glancee   http://techcrunch.com/2012/05/04/facebook-buys-location-based-discovery-app-glancee/Bolt | Peters : 50000000 USD cash_and_stock 2012/6/21   http://www.crunchbase.com/company/bolt-peters   threadsy :  USD  2012/8/24   http://www.crunchbase.com/company/threadsyFacebook Acquires Threadsy, Maker of Social Marketing Tool Swaylo   http://techcrunch.com/2012/08/24/facebook-threadsy/Spool :  USD  2012/7/   http://www.crunchbase.com/company/spoolFacebookÅfs Latest Acqui-Hire: Spool, The ÅgInstapaper On SteroidsÅh   http://techcrunch.com/2012/07/14/facebooks-latest-acqui-hire-spool-the-instapaper-on-steroids/Karma :  USD  2012/5/18   http://www.crunchbase.com/company/karmaFacebook Acquires Karma    http://www.fastcompany.com/1837882/facebook-acquires-karmaFace.com : 60000000 USD cash_and_stock 2012/6/18   http://www.crunchbase.com/company/face-comFacebook Scoops Up Face.com For $55-60M To Bolster Its Facial Recognition Tech (Updated)   http://techcrunch.com/2012/06/18/facebook-scoops-up-face-com-for-100m-to-bolster-its-facial-recognition-tech/Atlas Advertiser Suite :  USD  2013/2/28   http://www.crunchbase.com/company/atlas-advertiser-suiteFacebook Confirms It Will Acquire Atlas Advertiser Suite From Microsoft To Close The Ad Spend Loop   http://techcrunch.com/2013/02/28/facebook-acquires-atlas/Storylane :  USD  2013/3/8   http://www.crunchbase.com/company/storylaneFacebook Acquires Storytelling Site Storylane in Talent Grab   http://mashable.com/2013/03/08/facebook-acquires-storylane/Lightbox :  USD  2012/5/15   http://www.crunchbase.com/company/lightbox Facebook acquires Lightbox photo app team   http://www.neowin.net/news/facebook-acquires-lightbox-photo-app-teamHot Potato : 10000000 USD cash 2010/7/28   http://www.crunchbase.com/company/hotpotatoFacebook To Pay $10 Million Cash For Hot Potato, Says Source   http://techcrunch.com/2010/07/28/facebook-to-pay-10-million-cash-for-hot-potato-says-source/Osmeta :  USD  2013/4/11   http://www.crunchbase.com/company/osmetaConfirmed: Facebook Has Acquired Osmeta, A Stealth Mobile Software Startup   http://techcrunch.com/2013/04/10/has-facebook-quietly-acquired-osmeta-a-stealth-mobile-software-startup/Spaceport.io :  USD  2013/4/23   http://www.crunchbase.com/company/spaceport-ioFacebook Acqhires Part Of Team From HTML5 Game Platform Spaceport.io That Will Keep Running   http://techcrunch.com/2013/04/23/facebook-acqhires-part-of-team-from-html5-game-platform-spaceport-io-but-co-founder-will-keep-running-it/Parse : 90000000 USD  2013/4/25   http://www.crunchbase.com/company/parsehttp://techcrunch.com/2013/04/25/facebook-parse/   http://techcrunch.com/2013/04/25/facebook-parse/Monoidics :  USD  2013/7/18   http://www.crunchbase.com/company/monoidicsFacebook Acquires Assets Of UK Mobile Bug-Checking Software Developer Monoidics   http://techcrunch.com/2013/07/18/facebook-monoidics/Jibbigo :  USD  2013/8/12   http://www.crunchbase.com/company/jibbigoFacebook Acquires ÅgMobile TechnologiesÅh, Developer Of Speech Translation App Jibbigo   http://techcrunch.com/2013/08/12/facebook-acquires-mobile-technologies-speech-recognition-and-jibbigo-app-developer/Onavo : 150000000 USD  2013/10/14   http://www.crunchbase.com/company/onavoacebook Buys Mobile Data Analytics Company Onavo, Reportedly For Up To $200M   http://techcrunch.com/2013/10/13/facebook-buys-mobile-analytics-company-onavo-and-finally-gets-its-office-in-israel/?utm_source=dlvr.it&utm_medium=twitter&utm_campaign=Feed%3A+Techcrunch+%28TechCrunch%29SportStream :  USD  2013/12/17   http://www.crunchbase.com/company/sportstreamFacebook Acquires SportStream To Increase Sports Chatter By Providing News Outlets With Cleaner Data   http://techcrunch.com/2013/12/17/facebook-acquires-sportstream/Little Eye Labs :  USD  2014/1/8   http://www.crunchbase.com/company/little-eye-labsIndian Startup Little Eye Labs Confirms Its Acquisition By Facebook, Deal Worth $10-$15M   http://techcrunch.com/2014/01/07/little-eye-labs-acquisition/Branch : 15000000 USD  2014/1/13   http://www.crunchbase.com/company/branchFacebook acquires link-sharing service Branch for around $15 million   http://www.theverge.com/2014/1/13/5303702/facebook-acquires-link-sharing-app-branch-for-15-millionWhatsApp : 19000000000 USD cash_and_stock 2014/2/19   http://www.crunchbase.com/company/whatsappFacebook to buy Whatsapp for $16 billion   http://techcrunch.com/tag/facebookwhatsapp/Oculus VR : 2000000000 USD cash_and_stock 2014/3/25   http://www.crunchbase.com/company/oculus-vrFacebook To Buy Oculus VR, Maker Of The Rift Headset, For Around $2B In Cash And Stock   http://techcrunch.com/2014/03/25/facebook-to-buy-oculus-vr-maker-of-the-rift-headset-for-around-2b-in-cash-and-stock/","seed : USD 350000 2009/2/20LuckyCal   http://www.crunchbase.com/company/luckycalfbFund   http://www.marlenevergaraborquez.com/press/releases.php?p=48242grant : USD  2008/12/1Wildfire, a division of Google   http://www.crunchbase.com/company/wildfire-interactive   seed : USD 1700000 2013/11/12Oceanshalo   http://www.crunchbase.com/company/oceanshaloNew Frontier Foods Raises $1.7M in First Seed Funding   http://www.finsmes.com/2013/11/frontier-foods-raises-1-7m-seed-funding.html"
"Facebook","http://facebook.com","http://blog.facebook.com","social","5299","2004/2/1","//","Social network","Facebook is the worldÅfs largest social network, with over 1.15 billion monthly active users.

Facebook was founded by Mark Zuckerberg in February 2004, initially as an exclusive network for Harvard students. It was a huge hit: in 2 weeks, half of the schools in the Boston area began demanding a Facebook network. Zuckerberg immediately recruited his friends Dustin Moskovitz, Chris Hughes, and Eduardo Saverin to help build Facebook, and within four months, Facebook added 30 more college networks.

The original idea for the term Facebook came from ZuckerbergÅfs high school (Phillips Exeter Academy). The Exeter Face Book was passed around to every student as a way for students to get to know their classmates for the following year. It was a physical paper book until Zuckerberg brought it to the internet.

With this success, Zuckerberg, Moskowitz and Hughes moved out to Palo Alto for the summer and rented a sublet. A few weeks later, Zuckerberg ran into the former cofounder of Napster, Sean Parker. Parker soon moved in to ZuckerbergÅfs apartment and they began working together. Parker provided the introduction to their first investor, Peter Thiel, cofounder of PayPal and managing partner of The Founders Fund. Thiel invested $500,000 into Facebook.

With millions more users, Friendster attempted to acquire the company for $10 million in mid 2004. Facebook turned down the offer and subsequently received $12.7 million in funding from Accel Partners, at a valuation of around $100 million. Facebook continued to grow, opening up to high school students in September 2005 and adding an immensely popular photo sharing feature the next month. The next spring, Facebook received $25 million in funding from Greylock Partners and Meritech Capital, as well as previous investors Accel Partners and Peter Thiel. The pre-money valuation for this deal was about $525 million. Facebook subsequently opened up to work networks, eventually amassing over 20,000 work networks. Finally in September 2006, Facebook opened to anyone with an email address.

In the summer of 2006, Yahoo attempted to acquire the company for $1 billion dollars. Reports actually indicated that Zuckerberg made a verbal agreement to sell Facebook to Yahoo. A few days later when YahooÅfs stock price took a dive, the offer was lowered to $800 million and Zuckerberg walked away from the deal. Yahoo later offered $1 billion again, this time Zuckerberg turned Yahoo down and earned instant notoriety as the ÅgkidÅh who turned down a billion. This was not the first time Zuckerberg turned down an acquisition offer; Viacom had previously unsuccessfully attempted to acquire the company for $750 million in March 2006.

Not long after, in October 2007, Microsoft invested $240 million into Facebook for 1.6 percent of the company in. This meant a valuation of over $15 billion, making Facebook the 5th most valuable US Internet company, yet with only $150 million in annual revenue. Many explained MicrosoftÅfs decision as being solely driven by the desire to outbid Google.

Facebook continued to receive funding, most notably in January 2011 receiving a $1.5 billion round, valuing the company at $50 billion. A year later, in February 2012, Facebook announced that it was filing for its long-anticipated initial public offering. The company went public on May 18, 2012, opening on the NASDAQ with shares trading at $42.05.

One sour note for Facebook has been the controversy with social network ConnectU. The founders of ConnectU, former classmates of Mark Zuckerberg at Harvard, allege that Zuckerberg stole their original source code for Facebook. The ordeal has gone to court, and has now been resolved.

Notwithstanding this lingering controversy, FacebookÅfs growth has been staggering. Facebook announced astonishing numbers in February 2012 upon filing for its IPO. As of July 2013, over 1.15 billion users log into Facebook every month, and 669 million users log in daily. Mobile users now make up half of FacebookÅfs user base, with 819 million monthly actives. Facebook has also announced that by the end of 2011 there had been 100 billion friend connections, and in recent months users had been registering 2.7 billion Likes and Comments per day. Facebook is one of the most trafficked sites in the US, and its international growth has been impressive. Additionally, Facebook is the top photo sharing site with 250 million photos uploaded per day.

Facebook usersÅf passion?or addiction?to the site is unparalleled: more than half use the product every single day and users spend an average of 19 minutes a day on Facebook. The siteÅfs popularity has garnered it pop culture fame, so much so that in 2010 a feature film entitled The Social Network was released which chronicled FacebookÅfs inception.

In its 2012 IPO filing, Facebook announced that it intends to grow in the near future by expanding its global user base, increasing engagement by developing new social tools, improving the mobile experience, and creating more value for advertisers and users.","Founder and CEO, Board Of Directors : Mark Zuckerberg   http://www.crunchbase.com/person/mark-zuckerbergCFO : David Ebersman   http://www.crunchbase.com/person/david-ebersmanCOO : Sheryl Sandberg   http://www.crunchbase.com/person/sheryl-sandbergVice- President and General Counsel : Colin Stretch   http://www.crunchbase.com/person/colin-stretchVP of Engineering & Product : Peter Deng   http://www.crunchbase.com/person/peter-dengVP, Global Advertising Sales : Carolyn Everson   http://www.crunchbase.com/person/carolyn-eversonVP, Platform Partnerships : Sean Ryan   http://www.crunchbase.com/person/sean-ryan-3Vice President Advertising and Global Operations : David Fischer   http://www.crunchbase.com/person/david-fischer-2VP Human Resources, Recruiting : Lori Goler   http://www.crunchbase.com/person/lori-golerVP, Product : Chris Cox   http://www.crunchbase.com/person/chris-coxVP Engineering & Products : Greg Badros   http://www.crunchbase.com/person/greg-badrosVP of Partnerships and Platform Marketing : Dan Rose   http://www.crunchbase.com/person/dan-roseVP of Engineering : Jay Parikh   http://www.crunchbase.com/person/jay-parikhVice President, Engineering : Mike Schroepfer   http://www.crunchbase.com/person/mike-shroepferVP of Global Communications, Marketing and Public Policy : Elliot Schrage   http://www.crunchbase.com/person/elliot-schrageVP, EMEA : Joanna Shields   http://www.crunchbase.com/person/joanna-shieldsBoard Of Directors : Peter Thiel   http://www.crunchbase.com/person/peter-thielInvestor : Reid Hoffman   http://www.crunchbase.com/person/reid-hoffmanSoftware Engineer : Shashank Pandit   http://www.crunchbase.com/person/shashank-panditDirector, Identity Product Group : Sam Lessin   http://www.crunchbase.com/person/sam-lessinGroup Director, Global Marketing Solutions : Ashley Rutledge   http://www.crunchbase.com/person/ashley-rutledgeEngineering Manager : David Recordon   http://www.crunchbase.com/person/david-recordonDirector, Product Management : Tom Stocky   http://www.crunchbase.com/person/tom-stockyProduct Designer : Bobby Goodlatte   http://www.crunchbase.com/person/rob-goodlatteHead of platform partnerships : Julien Codorniou   http://www.crunchbase.com/person/julien-codorniouPlatform Program Manager : Sandra Liu Huang   http://www.crunchbase.com/person/sandra-liu-huangProduct Marketing Manager : Kent Schoen   http://www.crunchbase.com/person/kent-schoenProduct Manager : Thai Tran   http://www.crunchbase.com/person/thai-tranProduct Manager, Location & Events : Josh Williams   http://www.crunchbase.com/person/josh-williamsProduct Manager : Keith Schacht   http://www.crunchbase.com/person/keith-schachtDirector of Platform Operations : John Anderson   http://www.crunchbase.com/person/john-anderson-2Software Engineer : Eric Faller   http://www.crunchbase.com/person/eric-fallerHead of Analytics : Ken Rudin   http://www.crunchbase.com/person/ken-rudinProduct Manager, Mobile : Mick Johnson   http://www.crunchbase.com/person/mick-johnsonDirector of Public Policy : Timothy Sparapani   http://www.crunchbase.com/person/timothy-sparapaniProduct Designer : Keegan Jones   http://www.crunchbase.com/person/keegan-jonesEngineering Director : Matthew Papakipos   http://www.crunchbase.com/person/matthew-papakiposBoard member : Donald E. Graham   http://www.crunchbase.com/person/donald-e-grahamProduct Manager : Gareth Davis   http://www.crunchbase.com/person/gareth-davisGrowth : Rob Goldman   http://www.crunchbase.com/person/rob-goldmanBusiness Development Manager : Justin Osofsky   http://www.crunchbase.com/person/justin-osofskyProduct Manager : Justin Shaffer   http://www.crunchbase.com/person/justin-shafferPlatform Product Marketing : Kelly Hansen   http://www.crunchbase.com/person/kelly-hansenSoftware Engineer : Beau Hartshorne   http://www.crunchbase.com/person/beau-hartshorneHacker : Paul Tarjan   http://www.crunchbase.com/person/paul-tarjan : Sriram Krishnan   http://www.crunchbase.com/person/sriram-krishnanHead of Mobile Products : Erick Tseng   http://www.crunchbase.com/person/erick-tsengHead of Korea : Benjamin Joe   http://www.crunchbase.com/person/benjamin-joeProduct Manager : Teck Chia   http://www.crunchbase.com/person/teck-chiaSoftware Engineer : bill fumerola   http://www.crunchbase.com/person/bill-fumerolaSoftware Engineer : Eugene Letuchy   http://www.crunchbase.com/person/eugene-letuchySoftware Engineer : Ben Davenport   http://www.crunchbase.com/person/ben-davenportSoftware Engineer : Jonathan Perlow   http://www.crunchbase.com/person/jonathan-perlowProduct Manager : Jonathan Gheller   http://www.crunchbase.com/person/jonathan-ghellerSoftware Engineer : Nilesh Patel   http://www.crunchbase.com/person/nilesh-patelSoftware Engineer : Zac Morris   http://www.crunchbase.com/person/zac-morrisEngineering Manager : Blake Matheny   http://www.crunchbase.com/person/blake-mathenyProduct Designer : Koen Bok   http://www.crunchbase.com/person/koen-bokDeveloper Relations : Charles Dowd   http://www.crunchbase.com/person/charles-dowdSoftware Engineer : Benjamin Cunningham   http://www.crunchbase.com/person/benjamin-cunninghamProduct Designer : Tuhin Kumar   http://www.crunchbase.com/person/tuhin-kumarCommunication Designer : Skyler Vander Molen   http://www.crunchbase.com/person/skyler-vander-molenSales and Advertising : Brandon Sayles   http://www.crunchbase.com/person/brandon-saylesAccount Manager : Scott Smith   http://www.crunchbase.com/person/scott-smith-7Data scientist : Justin Moore   http://www.crunchbase.com/person/justin-moore-2Product Manager : Eitan Shay   http://www.crunchbase.com/person/eitan-shayHead of Intl BD & Strategy : Richard Cooperstein   http://www.crunchbase.com/person/richard-coopersteinClient Partner : Raj Talwar   http://www.crunchbase.com/person/raj-talwarMobile Eng Manager : Phil Fung   http://www.crunchbase.com/person/phil-fungSoftware Engineer : Benjamin Golub   http://www.crunchbase.com/person/benjamin-golubEngineering Director / Site Director : rohit wad   http://www.crunchbase.com/person/rohit-wadVP and Deputy General Counsel : Ashlie Beringer   http://www.crunchbase.com/person/ashlie-beringerHead of Partner Engineering : Gareth Morris   http://www.crunchbase.com/person/gareth-morrisMarket Manager : Serhad Bolukcu   http://www.crunchbase.com/person/serhad-bolukcuSoftware Engineer : Mike Curtiss   http://www.crunchbase.com/person/mike-curtissBoard Director : Marc Andreessen   http://www.crunchbase.com/person/marc-andreessenSoftware Engineer : Ashwin Bharambe   http://www.crunchbase.com/person/ashwin-bharambe : Adam Cheyer   http://www.crunchbase.com/person/adam-cheyerBoard of Directors/Investor : Jim Breyer   http://www.crunchbase.com/person/jim-breyerSoftware Engineer : Barak Naveh   http://www.crunchbase.com/person/barak-navehManager, Site Reliability Engineering : Pedro Canahuati   http://www.crunchbase.com/person/pedro-canahuatiMember of Board of Directors : Reed Hastings   http://www.crunchbase.com/person/reed-hastingsSoftware Engineer : Tudor Bosman   http://www.crunchbase.com/person/tudor-bosmanStrategic Partner Manager, Games : Niranjan Nagar   http://www.crunchbase.com/person/niranjan-nagarDirector of Monetization : Tim Kendall   http://www.crunchbase.com/person/tim-kendallMobile Software Engineer : Brian Amerige   http://www.crunchbase.com/person/brian-amerigeHead of Security : Max Kelly   http://www.crunchbase.com/person/max-kellySoftware Engineer : Stephen Heise   http://www.crunchbase.com/person/stephen-heiseInvestor : Bob Zangrillo   http://www.crunchbase.com/person/bob-zangrilloFacebook : Thomas Shin   http://www.crunchbase.com/person/thomas-shinMarketing Director : Randi Zuckerberg   http://www.crunchbase.com/person/randi-zuckerbergBoard Observer/Investor : Paul Madera   http://www.crunchbase.com/person/paul-maderaProduct Manager : Gil Hirsch   http://www.crunchbase.com/person/gil-hirschSoftware Engineer : Michael Novati   http://www.crunchbase.com/person/michael-novatiHead of Global Business Operations : Jeff McCombs   http://www.crunchbase.com/person/jeff-mccombsEngineer : Lars Rasmussen   http://www.crunchbase.com/person/lars-rasmussenHead of Vertical Measurement : Graham Mudd   http://www.crunchbase.com/person/graham-muddManager, Product Design : Rob Morris   http://www.crunchbase.com/person/rob-morrisProduct Manager : Greg Whalin   http://www.crunchbase.com/person/greg-whalinDirector, Mobile : Jed Stremel   http://www.crunchbase.com/person/jed-stremelMember of corporate development team : Ryan Gembala   http://www.crunchbase.com/person/ryan-gembalaVP, Advertising : Andrew Bosworth   http://www.crunchbase.com/person/andrew-bosworthads : Yoram Talmor   http://www.crunchbase.com/person/yoram-talmorInvestor : Rich Wheeless   http://www.crunchbase.com/person/rich-wheeless-mbaEngineering Director : Pedram Keyani   http://www.crunchbase.com/person/pedram-keyaniSoftware Engineer : Lincoln Hochberg   http://www.crunchbase.com/person/lincoln-hochbergEngineering Intern : Neeraj Agrawal   http://www.crunchbase.com/person/neeraj-agrawalProduct Manager : Mike LeBeau   http://www.crunchbase.com/person/mike-lebeauCorporate Development : Amin Zoufonoun   http://www.crunchbase.com/person/amin-zoufonounSoftware Engineer : Lucy Zhang   http://www.crunchbase.com/person/lucy-zhangEngineer : ?mer ?zg?n I?IKMAN   http://www.crunchbase.com/person/mer-zgn-ikmanManager of Product Marketing, Facebook Credits : Deborah Liu   http://www.crunchbase.com/person/deborah-liuSoftware Engineer : Michael Landau   http://www.crunchbase.com/person/michael-landauCorporate Development : Vaughan Smith   http://www.crunchbase.com/person/vaughan-smithStrategic Partner Development - Commerce : Chris Maliwat   http://www.crunchbase.com/person/chris-maliwatMedia Solutions : Pablo Gil   http://www.crunchbase.com/person/pablo-gilSoftware Engineer : Joachim De Lombaert   http://www.crunchbase.com/person/joachim-de-lombaertSoftware Engineer : Florian Laplantif   http://www.crunchbase.com/person/florian-laplantifMonetization Analytics : Jimmy Zhu   http://www.crunchbase.com/person/jimmy-zhuProduct Designer : Justin Stahl   http://www.crunchbase.com/person/justin-stahlTroublemaker : Seng Keat Teh   http://www.crunchbase.com/person/seng-keat-tehGlobal Marketing Solutions : Frank Lee   http://www.crunchbase.com/person/frank-leeDirector of Product Management : Douglas Purdy   http://www.crunchbase.com/person/douglas-purdyPhotos Product Manger : Emily Grewal   http://www.crunchbase.com/person/emily-grewalDirector of Engineering : John Ciancutti   http://www.crunchbase.com/person/john-ciancuttiBoard Member : Jan Koum   http://www.crunchbase.com/person/jan-koumManager of Strategic Partnerships : Ime Archibong   http://www.crunchbase.com/person/ime-archibongInternational Growth : Edward Baker   http://www.crunchbase.com/person/edward-bakerDirector, University Recruiting : Adam Ward   http://www.crunchbase.com/person/adam-ward-3Board of Directors : Erskine Bowles   http://www.crunchbase.com/person/erskine-b-bowlesSustainability Guru : Bill Weihl   http://www.crunchbase.com/person/bill-weihlDirector, Artificial Intelligence Lab : Yann LeCun   http://www.crunchbase.com/person/yann-lecunPartnerships, Southern Europe & New Markets : Amina Belghiti   http://www.crunchbase.com/person/amina-belghitiProduct Designer : Nathan Borror   http://www.crunchbase.com/person/nathan-borrorPast Co-Founder : Eduardo Saverin   http://www.crunchbase.com/person/eduardo-saverinPast Co-Founder : Andrew McCollum   http://www.crunchbase.com/person/andrew-mccollumPast Co-founder : Chris Hughes   http://www.crunchbase.com/person/chris-hughesPast Co-Founder : Dustin Moskovitz   http://www.crunchbase.com/person/dustin-moskovitzPast Chief Malware Researcher : Nick Bilogorskiy   http://www.crunchbase.com/person/nick-bilogorskiyPast CFO : Michael Sheridan   http://www.crunchbase.com/person/michael-sheridanPast Chief Privacy Officer / Head of Global Public Policy : Chris Kelly   http://www.crunchbase.com/person/chris-kellyPast CTO : Bret Taylor   http://www.crunchbase.com/person/bret-taylorPast CFO : Gideon Yu   http://www.crunchbase.com/person/gideon-yuPast Chief Revenue Officer, VP of Operations : Owen Van Natta   http://www.crunchbase.com/person/owen-van-nattaPast VP of Sales, West Region : Paul Ollinger   http://www.crunchbase.com/person/paul-ollingerPast VP of Technical Operations : Jonathan Heiliger   http://www.crunchbase.com/person/jonathan-heiligerPast VP, General Counsel : Ted Ullyot   http://www.crunchbase.com/person/ted-ullyotPast VP Global Sales : Mike Murphy   http://www.crunchbase.com/person/mike-murphyPast VP Product : Doug Hirsch   http://www.crunchbase.com/person/doug-hirschPast VP Product Engineering : TS Ramakrishnan   http://www.crunchbase.com/person/ts-ramakrishnanPast VP Sales/Consultant : Vince Thompson   http://www.crunchbase.com/person/vince-thompsonPast VP of Growth, Mobile and International, VP of Platform and Product Marketing : Chamath Palihapitiya   http://www.crunchbase.com/person/chamath-palihapitiyaPast VP of Product Management : Matt Cohler   http://www.crunchbase.com/person/matt-cohlerPast President & Board Member : Sean Parker   http://www.crunchbase.com/person/sean-parkerPast Software Engineer : Joe Hewitt   http://www.crunchbase.com/person/joe-hewittPast CTO : Adam D'Angelo   http://www.crunchbase.com/person/adam-d-angeloPast Investor : Klaus Hommels   http://www.crunchbase.com/person/klaus-hommelsPast Software Engineer : Ivan Kirigin   http://www.crunchbase.com/person/ivan-kiriginPast Senior Platform Manager : Dave Morin   http://www.crunchbase.com/person/dave-morinPast Director of Platform Partnerships : Ethan Beard   http://www.crunchbase.com/person/ethan-beardPast Engineering Lead : Justin Rosenstein   http://www.crunchbase.com/person/justin-rosensteinPast Senior Product Designer : Kevin Fox   http://www.crunchbase.com/person/kevin-foxPast Senior Director Search Products and Local Business Products : Ben Ling   http://www.crunchbase.com/person/ben-lingPast Country Manager - Brazil : Julio Vasconcellos   http://www.crunchbase.com/person/julio-vasconcellosPast Product Manager : Todd Jackson   http://www.crunchbase.com/person/todd-jacksonPast User Interface Engineer : Stefano J Attardi   http://www.crunchbase.com/person/stefano-attardiPast Product Designer : Eston Bond   http://www.crunchbase.com/person/eston-bondPast Manager, Data : Jeff Hammerbacher   http://www.crunchbase.com/person/jeff-hammerbacherPast Product Development Manager : Noah Kagan   http://www.crunchbase.com/person/noah-kaganPast Interaction Designer : Bryan Veloso   http://www.crunchbase.com/person/bryan-velosoPast Software Engineering Manager : Charlie Cheever   http://www.crunchbase.com/person/charlie-cheeverPast Software Engineer : Chris Cox   http://www.crunchbase.com/person/chris-coxPast Director, User Experience and Design : Katie Geminder   http://www.crunchbase.com/person/katie-geminderPast Director of Engineering : Aditya Agarwal   http://www.crunchbase.com/person/aditya-agarwalPast Product Design Lead : Rebekah Cox   http://www.crunchbase.com/person/rebekah-coxPast  : Roger Pavane   http://www.crunchbase.com/person/roger-pavanePast Open Source and Web Standards Program Manager : Monica Keller   http://www.crunchbase.com/person/monica-kellerPast Product Manager : David Chen   http://www.crunchbase.com/person/david-chen-6Past Designer : Soleio Cuervo   http://www.crunchbase.com/person/soleio-cuervoPast Director, Engineering : Yishan Wong   http://www.crunchbase.com/person/yishan-wongPast Internationalization Growth : Benjamin Joe   http://www.crunchbase.com/person/benjamin-joePast Director, International Business Development : Net Jacobsson   http://www.crunchbase.com/person/net-jacobssonPast Director of Media Sales : Dan Coughlin   http://www.crunchbase.com/person/dan-coughlinPast Head of International Business Development : Christian Hernandez   http://www.crunchbase.com/person/christian-hernandezPast Product Manager : Paul Adams   http://www.crunchbase.com/person/paul-adamsPast Dir of Platform Partnerships, Asia-Pacific/Japan : Alexander Kleinberg   http://www.crunchbase.com/person/alexander-kleinbergPast Product Manager, Pages : Russ Heddleston   http://www.crunchbase.com/person/russ-heddlestonPast Director of Operations : Nick Heyman   http://www.crunchbase.com/person/nick-heymanPast Head of International Growth : Ed Baker   http://www.crunchbase.com/person/ed-bakerPast Partner Engineer : Eric Frenkiel   http://www.crunchbase.com/person/eric-frenkielPast Director, Finance : Steven Trieu   http://www.crunchbase.com/person/steven-trieuPast Product Manager Photos : Scott Marlette   http://www.crunchbase.com/person/scott-marlettePast Business Development, Mobile : Alison Rosenthal   http://www.crunchbase.com/person/alison-rosenthalPast Director of Engineering and Director of Developer Relations : Douglas Purdy   http://www.crunchbase.com/person/douglas-purdyPast Business Development Manager : Charles Chen   http://www.crunchbase.com/person/charles-chenPast Global Partnership Lead : Kevin Colleran   http://www.crunchbase.com/person/kevin-colleranPast Product Manager : Franklyn Chien   http://www.crunchbase.com/person/franklyn-chienPast Sr. International University Recruiter : Kinh DeMaree   http://www.crunchbase.com/person/kinh-demareePast Head of Product and Mobile Operations : Amber Saloner Tennant   http://www.crunchbase.com/person/amber-salonerPast Strategy & Business Development : John Henderson   http://www.crunchbase.com/person/john-henderson-2Past Production Engineer : Jeff Zhifan Chen   http://www.crunchbase.com/person/jeff-zhifan-chenPast  : Berk Atikoglu   http://www.crunchbase.com/person/berk-atikogluPast SMB Marketing Manager : Durgesh Kaushik   http://www.crunchbase.com/person/durgesh-kaushikPast Manager, Corporate Communications : Matt Hicks   http://www.crunchbase.com/person/matt-hicks-2Past Head of Mobile Partnerships, Asia : Alon Sobol   http://www.crunchbase.com/person/alon-sobolPast Engineer : Justin Mitchell   http://www.crunchbase.com/person/justin-mitchellPast Designer : Adam Michela   http://www.crunchbase.com/person/adam-michelaPast Led FB's Android Products : Bubba Murarka   http://www.crunchbase.com/person/bubba-murarkaPast Sales Director : Bill Masterson   http://www.crunchbase.com/person/bill-masterson-2Past Sales Director - Partnerships and Marketing : Peter Yewell   http://www.crunchbase.com/person/peter-yewellPast Internet Marketer - User Growth : Andy Johns   http://www.crunchbase.com/person/andy-johns-2Past Regional Director : Diego Oliva   http://www.crunchbase.com/person/diego-olivaPast Payments Partnerships & Mobile Payments : Dmitry Shevelenko   http://www.crunchbase.com/person/dmitry-shevelenkoPast Summer Intern : Pat Noonan   http://www.crunchbase.com/person/pat-noonanPast Communications Design : Micah Kasman   http://www.crunchbase.com/person/micah-kasmanPast Product Marketing : Ana Muller   http://www.crunchbase.com/person/ana-mullerPast Platform & Consumer Marketing : Scott Hartley   http://www.crunchbase.com/person/scott-hartleyPast Director of Global Communications & Public Policy : Brandee Barker   http://www.crunchbase.com/person/brandee-barkerPast  : Molly Graham   http://www.crunchbase.com/person/molly-grahamPast Deputy General Counsel : Colin Stretch   http://www.crunchbase.com/person/colin-stretchPast Software Engineer : Greg Methvin   http://www.crunchbase.com/person/greg-methvinPast Head of Product Marketing Monetization : Jason Ramsey   http://www.crunchbase.com/person/jason-ramseyPast Global Marketing Solutions : Miriam Grut Norrby   http://www.crunchbase.com/person/miriam-grut-norrbyPast Software Engineer Intern : Vinay Hiremath   http://www.crunchbase.com/person/vinay-hiremathPast Design Intern : Matt Dempsey   http://www.crunchbase.com/person/matt-dempseyPast Communication Designer : Jim Renaud   http://www.crunchbase.com/person/jim-renaudPast Manager of Strategic PMD Partnerships : Nick Gianos   http://www.crunchbase.com/person/nick-gianosPast  : Gretchen DeKnikker   http://www.crunchbase.com/person/gretchen-deknikkerPast Software : Sohan Jain   http://www.crunchbase.com/person/sohan-jainPast Advisor : Hadi Partovi   http://www.crunchbase.com/person/hadi-partoviPast Observer to Board of Directors : David Sze   http://www.crunchbase.com/person/david-szePast Engineer : Adam D'Angelo   http://www.crunchbase.com/person/adam-d-angeloPast Consultant : Jim Pitkow   http://www.crunchbase.com/person/jim-pitkowPast Software Engineer : Darian Shirazi   http://www.crunchbase.com/person/darian-shiraziPast Marketing : Jonathan Ehrlich   http://www.crunchbase.com/person/jonathan-ehrlichPast Developer Relations Manager : Ryan Merket   http://www.crunchbase.com/person/ryan-merketPast Product Director, Ads : Gokul Rajaram   http://www.crunchbase.com/person/gokul-rajaramPast Director, Platform : Ben Ling   http://www.crunchbase.com/person/ben-lingPast Product Lead for Facebook Platform : Ruchi Sanghvi   http://www.crunchbase.com/person/ruchi-sanghviPast  : Casey Muller   http://www.crunchbase.com/person/casey-mullerPast IT Specialist : Taz Ryder   http://www.crunchbase.com/person/taz-ryderPast Ad Operations Associate : Otilia Otlacan   http://www.crunchbase.com/person/otilia-otlacanPast General Counsel : Rudy Gadre   http://www.crunchbase.com/person/rudy-gadrePast Director, Media Sales : Steve King   http://www.crunchbase.com/person/steve-kingPast Creative Director : Bryan Veloso   http://www.crunchbase.com/person/bryan-velosoPast Advisor : Karl Jacob   http://www.crunchbase.com/person/karl-jacobPast Director, HR : Chris Cox   http://www.crunchbase.com/person/chris-coxPast Product Designer : Rob Morris   http://www.crunchbase.com/person/rob-morrisPast Software Engineer / Manager : Luke Shepard   http://www.crunchbase.com/person/luke-shepardPast Platform Program Manager : Josh Elman   http://www.crunchbase.com/person/josh-elmanPast Software Engineer : Kevin Der   http://www.crunchbase.com/person/kevin-derPast Software developer : Pooja Sankar   http://www.crunchbase.com/person/pooja-sankarPast Search Engineer : Albert Sheu   http://www.crunchbase.com/person/albert-sheuPast Software Engineer : Ari Steinberg   http://www.crunchbase.com/person/ari-steinbergPast Director of Engineering : Robert Carlton Johnson   http://www.crunchbase.com/person/robert-carlton-johnsonPast Independent Contractor : Todd McKinnon   http://www.crunchbase.com/person/todd-mckinnonPast Strategist : Benjamin Joe   http://www.crunchbase.com/person/benjamin-joePast Exchange Director : Antonio Garcia-Martinez   http://www.crunchbase.com/person/antonio-garcia-martinezPast Manager Corporate Development : Michael Brown   http://www.crunchbase.com/person/michael-brown-4Past Mobile : Charles Jolley   http://www.crunchbase.com/person/charles-jolleyPast Software Engineer : Anhang Zhu   http://www.crunchbase.com/person/anhang-zhuPast Consumer Brand and Marketing Intern : Christopher Lo   http://www.crunchbase.com/person/christopher-loPast Software Engineer : Jonathan Pines   http://www.crunchbase.com/person/jonathan-pinesPast Platform Operations MBA Intern : Ilan Dee   http://www.crunchbase.com/person/ilan-deePast Software Engineer : Mike Bohlander   http://www.crunchbase.com/person/mike-bohlanderPast core infrastructure systems : Nikita Shamgunov   http://www.crunchbase.com/person/nikita-shamgunovPast Product Management : Sergei Sorokin   http://www.crunchbase.com/person/sergei-sorokinPast Tech Lead : Ding Zhou   http://www.crunchbase.com/person/ding-zhouPast Software Engineer : Rushi Desai   http://www.crunchbase.com/person/rushi-desaiPast Software Engineer : Makinde Adeagbo   http://www.crunchbase.com/person/makinde-adeagboPast  : Jon Rodriguez   http://www.crunchbase.com/person/jon-rodriguezPast  : Katherine Losse   http://www.crunchbase.com/person/katherine-lossePast  : Ankur Pansari   http://www.crunchbase.com/person/ankur-pansariPast Product Designer : Ben Blumenfeld   http://www.crunchbase.com/person/ben-blumenfeldPast Software Engineer : Conor Dickinson   http://www.crunchbase.com/person/conor-dickinsonPast All things Operations : Taner Halicioglu   http://www.crunchbase.com/person/taner-haliciogluPast Head of Global SMB Marketing : Chris Luo   http://www.crunchbase.com/person/chris-luoPast Software Engineer, Intern : Lukasz Wiecek   http://www.crunchbase.com/person/lukasz-wiecekPast Mobile Platform Product Marketing : Jonathan Matus   http://www.crunchbase.com/person/joanthan-matusPast Product Manager : David Breger   http://www.crunchbase.com/person/david-bregerPast Photos and Video Engineering Manager : Justin Mitchell   http://www.crunchbase.com/person/justin-mitchellPast  : Susana Montes   http://www.crunchbase.com/person/susana-montesPast  : Chad Little   http://www.crunchbase.com/person/chad-little-2Past Account Specialist - Associate : Lorry Destainville   http://www.crunchbase.com/person/lorry-destainvillePast Great Success : Joseph Liu   http://www.crunchbase.com/person/joseph-liuPast Director, Engineering : John Hegeman   http://www.crunchbase.com/person/john-hegemanPast Product Manager : Dan Hsiao   http://www.crunchbase.com/person/dan-hsiaoPast Engineer : Akhil Wable   http://www.crunchbase.com/person/akhil-wablePast Site Reliability Engineer : Gavino Felix   http://www.crunchbase.com/person/gavino-felixPast Business Operations Associate/Principal, User Operations : Kathleen Pedersen   http://www.crunchbase.com/person/kathleen-pedersenPast Business Operations - Program Manager : Michael Teng   http://www.crunchbase.com/person/michael-tengPast Freelance Java/C# developer : Eugene Retunsky   http://www.crunchbase.com/person/eugene-retunskyPast Software Engineer : Brent Goldman   http://www.crunchbase.com/person/brent-goldmanPast Corporate Counsel : Oliver Louie   http://www.crunchbase.com/person/oliver-louiePast Growth Manager : Ilya Gindin   http://www.crunchbase.com/person/ilya-gindinPast Manager of Data Science and Analytics : Mohammad Sabah   http://www.crunchbase.com/person/mohammad-sabahPast Data Analyst : Derek Steer   http://www.crunchbase.com/person/derek-steerPast Manager, EMEA Gaming : Bruce Bale   http://www.crunchbase.com/person/bruce-balePast Director, Corporate Communications : Larry Yu   http://www.crunchbase.com/person/larry-yuPast Marketing : Helen Min   http://www.crunchbase.com/person/helen-minPast Software Engineer : Jason Yiin   http://www.crunchbase.com/person/jason-yiinPast Director of Security Incident Response : Ryan McGeehan   http://www.crunchbase.com/person/ryan-mcgeehanPast North America Lead, Media Solutions - Global Marketing Solutions : Eric Toda   http://www.crunchbase.com/person/eric-todaPast  : George Zeng   http://www.crunchbase.com/person/george-zeng","MySpace   http://www.crunchbase.com/company/myspaceFriendster   http://www.crunchbase.com/company/friendsterSlide   http://www.crunchbase.com/company/slideZvents   http://www.crunchbase.com/company/zventsFriendFeed   http://www.crunchbase.com/company/friendfeedhi5   http://www.crunchbase.com/company/hi5Flickr   http://www.crunchbase.com/company/flickrBebo   http://www.crunchbase.com/company/beboAOL   http://www.crunchbase.com/company/aolCityIN   http://www.crunchbase.com/company/cityinTagged   http://www.crunchbase.com/company/taggedVK.com   http://www.crunchbase.com/company/vktymr   http://www.crunchbase.com/company/tymrCompass (by Hugleberry Corp.)   http://www.crunchbase.com/company/hugleberry"," : The OutCast Agency   http://www.crunchbase.com/company/outcast-communications Past Public Relations : Blanc & Otus   http://www.crunchbase.com/company/blanc-otus : GTT   http://www.crunchbase.com/company/gttVideo Production : Transvideo Studios   http://www.crunchbase.com/company/transvideo-studios Past France : Ballou PR   http://www.crunchbase.com/company/ballou-prLegal : Cooley LLP   http://www.crunchbase.com/company/cooley-godward-kronish-llp : The Local Data Company   http://www.crunchbase.com/company/the-local-data-companyLegal : Baker & McKenzie   http://www.crunchbase.com/company/baker-mckenzieGraphic Design Projects : Kasman Design   http://www.crunchbase.com/company/kasman-design","$2.43B","angel : USD 500000 2004/9/1    Peter Thiel   http://www.crunchbase.com/person/peter-thiel    Reid Hoffman   http://www.crunchbase.com/person/reid-hoffman   a : USD 12700000 2005/5/1    Accel Partners   http://www.crunchbase.com/company/accel-partners     Mark Pincus   http://www.crunchbase.com/person/mark-pincus    Reid Hoffman   http://www.crunchbase.com/person/reid-hoffmanJim Breyer: Extra $500 Million Round For Facebook A ""Total Fiction""   http://www.techcrunch.com/2007/11/02/jim-breyer-extra-500-million-round-for-facebook-a-total-fiction/b : USD 27500000 2006/4/1    Greylock Partners   http://www.crunchbase.com/company/greylock     Meritech Capital Partners   http://www.crunchbase.com/company/meritech-capital-partners     Founders Fund   http://www.crunchbase.com/company/founders-fund     SV Angel   http://www.crunchbase.com/company/sv-angel Facebook Funding   http://www.facebook.com/press/info.php?factsheetc : USD 240000000 2007/10/24Microsoft microsoft   Facebook and Microsoft Expand Strategic Alliance   http://www.microsoft.com/en-us/news/press/2007/oct07/10-24FacebookPR.aspxc : USD 60000000 2007/11/30    Li Ka-shing   http://www.crunchbase.com/person/li-ka-shing    Horizons Ventures   http://www.crunchbase.com/company/horizons-ventures Facebook gets $60M from Hong Kong billionaire Li Ka-shing   http://venturebeat.com/2007/11/30/facebook-gets-60m-from-hong-kong-billionaire-li-ka-shing/c : USD 15000000 2008/1/15    European Founders Fund   http://www.crunchbase.com/company/european-founders-fund    http://www.techcrunch.com/2008/01/15/breaking-samwer-brothers-invest-in-facebook/debt_round : USD 100000000 2008/5/1    TriplePoint Capital   http://www.crunchbase.com/company/triplepoint-capital    http://www.businessweek.com/technology/content/may2008/tc2008059_855064.htmc : USD 60000000 2008/3/27    Li Ka-shing   http://www.crunchbase.com/person/li-ka-shing    Horizons Ventures   http://www.crunchbase.com/company/horizons-ventures Updated: Facebook Investor Li Ka-Shing Upping Stake To $120 Million: Report   http://www.paidcontent.org/entry/419-facebook-investor-li-ka-shing-increasing-stake-in-facebook/d : USD 200000000 2009/5/26    Digital Sky Technologies   http://www.crunchbase.com/company/digital-sky-technologies-fo Facebook Takes That $200 Million Investment From The Russians At A $10 Billion Valuation.   http://www.techcrunch.com/2009/05/26/facebook-takes-that-200-million-investment-from-the-russians-at-a-10-billion-valuation/private_equity : USD 210000000 2010/6/28    Elevation Partners   http://www.crunchbase.com/company/elevation-partners Elevation Invests Another $120 Million in Facebook as that IPO Looks More Distant   http://techcrunch.com/2010/06/28/elevation-invests-another-120-million-in-facebook-as-that-ipo-looks-more-distant/private_equity : USD 1500000000 2011/1/21    Goldman Sachs   http://www.crunchbase.com/company/goldman-sachs     Digital Sky Technologies   http://www.crunchbase.com/company/digital-sky-technologies-fo Facebook Raises $1.5 Billion   http://www.prnewswire.com/news-releases/facebook-raises-15-billion-114383494.html","","Parakey :  USD cash 2007/7/1   http://www.crunchbase.com/company/parakey   http://www.techcrunch.com/2007/07/19/breaking-facebook-has-acquired-parakey/FriendFeed : 47500000 USD cash_and_stock 2009/8/10   http://www.crunchbase.com/company/friendfeedFacebook Acquires FriendFeed   http://www.techcrunch.com/2009/08/10/facebook-acquires-friendfeedOctazen Solutions :  USD  2010/2/19   http://www.crunchbase.com/company/octazen   http://techcrunch.com/2010/02/19/octazen-what-the-heck-did-facebook-just-buy-exactly-and-why/Divvyshot :  USD  2010/4/2   http://www.crunchbase.com/company/divvyshotFacebook Acquires Divvyshot to Improve Facebook Photos   http://techcrunch.com/2010/04/02/facebook-buys-up-divvyshot-to-make-facebook-photos-even-better/ShareGrove :  USD  2010/5/   http://www.crunchbase.com/company/sharegrove   http://mashable.com/2010/05/26/facebook-acquires-sharegrove/Nextstop : 2500000 USD cash 2010/9/25   http://www.crunchbase.com/company/nextstopFacebook Acquires Social Travel Recommendation Site Nextstop   http://techcrunch.com/2010/07/08/facebook-acquires-social-travel-recommendation-site-nextstop/Chai Labs : 10000000 USD  2010/8/15   http://www.crunchbase.com/company/chailabsFacebook Makes Another ""Acq-Hire"" Chai Labs; Deal Estimated At $10 Million    http://paidcontent.org/article/419-facebook-makes-another-acq-hire-chai-labs-deal-estimated-at-10-million/drop.io :  USD  2010/10/29   http://www.crunchbase.com/company/drop-ioFacebook Acquires Drop.io, Nabs Sam Lessin   http://techcrunch.com/2010/10/29/facebook-acquires-drop-io-nabs-sam-lessin/Zenbe :  USD  2010/11/16   http://www.crunchbase.com/company/zenbeFacebook Buys Yet Another NYC Startup -- Why Doesn't It Just Open An Engineering Office Here Already?   http://www.businessinsider.com/facebook-zenbe-2010-11Rel8tion :  USD  2011/1/25   http://www.crunchbase.com/company/rel8tionAll Things D   http://emoney.allthingsd.com/20110125/facebook-acquires-mobile-advertising-company-out-of-stealth-mode/Pursuit :  USD  2011//   http://www.crunchbase.com/company/pursuit   http://techcrunch.com/2011/02/25/pursuit-hackruiter/Beluga :  USD  2011/3/1   http://www.crunchbase.com/company/beluga   http://techcrunch.com/2011/03/01/facebook-beluga/Snaptu : 60000000 USD stock 2011/9/17   http://www.crunchbase.com/company/snaptuConfirmed: Facebook Acquires Snaptu (For An Estimated $60?$70 Million)   http://techcrunch.com/2011/03/20/facebook-reportedly-acquires-snaptu-for-an-estimated-60-70-million/Sofa :  USD  2011/6/9   http://www.crunchbase.com/company/sofaFacebook Acquires Sofa   http://www.madebysofa.com/blog/facebook-acquires-sofa/Push Pop Press :  USD  2011/8/2   http://www.crunchbase.com/company/push-pop-pressFacebook Buys Digital Bookmaking Service Push Pop Press   http://techcrunch.com/2011/08/02/facebook-buys-digital-bookmaking-service-push-pop-press/Friend.ly :  CAD cash 2012/3/3   http://www.crunchbase.com/company/friend-lybsty   http://rahul.bosumatary.com/2011/10/10/facebook-friendly/Digital Staircase :  USD  2011/11/7   http://www.crunchbase.com/company/digital-staircaseFacebook Acq-hires Mobile Video And Image Editing App Developer Digital Staircase   http://techcrunch.com/2011/11/07/facebook-acquires-mobile-video-and-image-editing-app-developer-digital-staircase/Strobe :  USD  2011/11/8   http://www.crunchbase.com/company/strobeFacebook Acquires HTML5 App Delivery Network Strobe; SproutCore Lives On   http://techcrunch.com/2011/11/08/facebook-acquires-html5-app-delivery-network-strobe-sproutcore-lives-on/WhoGlue :  USD  2011/11/28   http://www.crunchbase.com/company/whoglueFacebook Acquires The Tech Behind WhoGlue, A Company That Sued It In 2009   http://techcrunch.com/2011/11/28/facebook-acquires-the-tech-behind-whoglue-a-company-that-sued-it-in-2009/Gowalla :  USD  2011/12/2   http://www.crunchbase.com/company/gowallaReport: Facebook Has Acquired Gowalla   http://techcrunch.com/2011/12/02/report-facebook-has-acquired-gowalla/GazeHawk :  USD  2012/3/10   http://www.crunchbase.com/company/gazehawkFacebook Acquires GazeHawk; Green Dot Acquires Loopt   http://mountainview.patch.com/articles/facebook-acquires-gazehawk-green-dot-acquires-looptSendoid :  USD  2012/3/   http://www.crunchbase.com/company/sendoidFacebook acquires team behind YC alum Caffeinated Mind   http://venturebeat.com/2012/02/29/facebook-caffeinated-mind/Instagram : 1010470000 USD cash_and_stock 2012/4/9   http://www.crunchbase.com/company/instagramTechCrunch: Facebook Buys Instagram For $1 Billion, Turns Budding Rival Into Its Standalone Photo App   http://techcrunch.com/2012/04/09/facebook-to-acquire-instagram-for-1-billion/Tagtile :  USD  2012/4/13   http://www.crunchbase.com/company/tagtileFacebook Ups The Mobile Ante Again; Buys Mobile Loyalty, Rewards Startup TagTile   http://techcrunch.com/2012/04/13/facebook-ups-the-mobile-ante-again-buys-mobile-loyalty-rewards-startup-tagtile/Glancee :  USD  2012/5/4   http://www.crunchbase.com/company/glanceeFacebook Buys Location-Based Discovery App Glancee   http://techcrunch.com/2012/05/04/facebook-buys-location-based-discovery-app-glancee/Bolt | Peters : 50000000 USD cash_and_stock 2012/6/21   http://www.crunchbase.com/company/bolt-peters   threadsy :  USD  2012/8/24   http://www.crunchbase.com/company/threadsyFacebook Acquires Threadsy, Maker of Social Marketing Tool Swaylo   http://techcrunch.com/2012/08/24/facebook-threadsy/Spool :  USD  2012/7/   http://www.crunchbase.com/company/spoolFacebookÅfs Latest Acqui-Hire: Spool, The ÅgInstapaper On SteroidsÅh   http://techcrunch.com/2012/07/14/facebooks-latest-acqui-hire-spool-the-instapaper-on-steroids/Karma :  USD  2012/5/18   http://www.crunchbase.com/company/karmaFacebook Acquires Karma    http://www.fastcompany.com/1837882/facebook-acquires-karmaFace.com : 60000000 USD cash_and_stock 2012/6/18   http://www.crunchbase.com/company/face-comFacebook Scoops Up Face.com For $55-60M To Bolster Its Facial Recognition Tech (Updated)   http://techcrunch.com/2012/06/18/facebook-scoops-up-face-com-for-100m-to-bolster-its-facial-recognition-tech/Atlas Advertiser Suite :  USD  2013/2/28   http://www.crunchbase.com/company/atlas-advertiser-suiteFacebook Confirms It Will Acquire Atlas Advertiser Suite From Microsoft To Close The Ad Spend Loop   http://techcrunch.com/2013/02/28/facebook-acquires-atlas/Storylane :  USD  2013/3/8   http://www.crunchbase.com/company/storylaneFacebook Acquires Storytelling Site Storylane in Talent Grab   http://mashable.com/2013/03/08/facebook-acquires-storylane/Lightbox :  USD  2012/5/15   http://www.crunchbase.com/company/lightbox Facebook acquires Lightbox photo app team   http://www.neowin.net/news/facebook-acquires-lightbox-photo-app-teamHot Potato : 10000000 USD cash 2010/7/28   http://www.crunchbase.com/company/hotpotatoFacebook To Pay $10 Million Cash For Hot Potato, Says Source   http://techcrunch.com/2010/07/28/facebook-to-pay-10-million-cash-for-hot-potato-says-source/Osmeta :  USD  2013/4/11   http://www.crunchbase.com/company/osmetaConfirmed: Facebook Has Acquired Osmeta, A Stealth Mobile Software Startup   http://techcrunch.com/2013/04/10/has-facebook-quietly-acquired-osmeta-a-stealth-mobile-software-startup/Spaceport.io :  USD  2013/4/23   http://www.crunchbase.com/company/spaceport-ioFacebook Acqhires Part Of Team From HTML5 Game Platform Spaceport.io That Will Keep Running   http://techcrunch.com/2013/04/23/facebook-acqhires-part-of-team-from-html5-game-platform-spaceport-io-but-co-founder-will-keep-running-it/Parse : 90000000 USD  2013/4/25   http://www.crunchbase.com/company/parsehttp://techcrunch.com/2013/04/25/facebook-parse/   http://techcrunch.com/2013/04/25/facebook-parse/Monoidics :  USD  2013/7/18   http://www.crunchbase.com/company/monoidicsFacebook Acquires Assets Of UK Mobile Bug-Checking Software Developer Monoidics   http://techcrunch.com/2013/07/18/facebook-monoidics/Jibbigo :  USD  2013/8/12   http://www.crunchbase.com/company/jibbigoFacebook Acquires ÅgMobile TechnologiesÅh, Developer Of Speech Translation App Jibbigo   http://techcrunch.com/2013/08/12/facebook-acquires-mobile-technologies-speech-recognition-and-jibbigo-app-developer/Onavo : 150000000 USD  2013/10/14   http://www.crunchbase.com/company/onavoacebook Buys Mobile Data Analytics Company Onavo, Reportedly For Up To $200M   http://techcrunch.com/2013/10/13/facebook-buys-mobile-analytics-company-onavo-and-finally-gets-its-office-in-israel/?utm_source=dlvr.it&utm_medium=twitter&utm_campaign=Feed%3A+Techcrunch+%28TechCrunch%29SportStream :  USD  2013/12/17   http://www.crunchbase.com/company/sportstreamFacebook Acquires SportStream To Increase Sports Chatter By Providing News Outlets With Cleaner Data   http://techcrunch.com/2013/12/17/facebook-acquires-sportstream/Little Eye Labs :  USD  2014/1/8   http://www.crunchbase.com/company/little-eye-labsIndian Startup Little Eye Labs Confirms Its Acquisition By Facebook, Deal Worth $10-$15M   http://techcrunch.com/2014/01/07/little-eye-labs-acquisition/Branch : 15000000 USD  2014/1/13   http://www.crunchbase.com/company/branchFacebook acquires link-sharing service Branch for around $15 million   http://www.theverge.com/2014/1/13/5303702/facebook-acquires-link-sharing-app-branch-for-15-millionWhatsApp : 19000000000 USD cash_and_stock 2014/2/19   http://www.crunchbase.com/company/whatsappFacebook to buy Whatsapp for $16 billion   http://techcrunch.com/tag/facebookwhatsapp/Oculus VR : 2000000000 USD cash_and_stock 2014/3/25   http://www.crunchbase.com/company/oculus-vrFacebook To Buy Oculus VR, Maker Of The Rift Headset, For Around $2B In Cash And Stock   http://techcrunch.com/2014/03/25/facebook-to-buy-oculus-vr-maker-of-the-rift-headset-for-around-2b-in-cash-and-stock/","seed : USD 350000 2009/2/20LuckyCal   http://www.crunchbase.com/company/luckycalfbFund   http://www.marlenevergaraborquez.com/press/releases.php?p=48242grant : USD  2008/12/1Wildfire, a division of Google   http://www.crunchbase.com/company/wildfire-interactive   seed : USD 1700000 2013/11/12Oceanshalo   http://www.crunchbase.com/company/oceanshaloNew Frontier Foods Raises $1.7M in First Seed Funding   http://www.finsmes.com/2013/11/frontier-foods-raises-1-7m-seed-funding.html"

